{"cameraMode":{"drawMode":0,"name":"Shaded","section":"Shading Mode"},"sceneLighting":true,"audioPlay":false,"sceneViewState":{"showFog":true,"showMaterialUpdate":false,"showSkybox":true,"showFlares":true,"showImageEffects":true,"showParticleSystems":true},"in2DMode":false,"pivot":{"x":1073.0321044921875,"y":695.5746459960938,"z":19.1461181640625},"rotation":{"x":-0.010809146799147129,"y":-0.005402958020567894,"z":0.00005841005258844234,"w":-0.999927282333374},"size":359.1504821777344,"orthographic":false}