{"cameraMode":{"drawMode":0,"name":"Shaded","section":"Shading Mode"},"sceneLighting":true,"audioPlay":false,"sceneViewState":{"showFog":true,"showMaterialUpdate":false,"showSkybox":true,"showFlares":true,"showImageEffects":true,"showParticleSystems":true},"in2DMode":false,"pivot":{"x":485.494384765625,"y":761.1591796875,"z":30.99456787109375},"rotation":{"x":-0.010809146799147129,"y":-0.005402958020567894,"z":0.00005841005258844234,"w":-0.999927282333374},"size":496.3050537109375,"orthographic":false}