{"cameraMode":{"drawMode":0,"name":"Shaded","section":"Shading Mode"},"sceneLighting":true,"audioPlay":false,"sceneViewState":{"showFog":true,"showMaterialUpdate":false,"showSkybox":true,"showFlares":true,"showImageEffects":true,"showParticleSystems":true},"in2DMode":false,"pivot":{"x":984.9552001953125,"y":824.9385375976563,"z":-0.87890625},"rotation":{"x":-0.009309446439146996,"y":-0.0024031978100538255,"z":0.000022383743271348067,"w":-0.9999542832374573},"size":328.7429504394531,"orthographic":false}