{"cameraMode":{"drawMode":0,"name":"Shaded","section":"Shading Mode"},"sceneLighting":true,"audioPlay":false,"sceneViewState":{"showFog":true,"showMaterialUpdate":false,"showSkybox":true,"showFlares":true,"showImageEffects":true,"showParticleSystems":true},"in2DMode":false,"pivot":{"x":977.25732421875,"y":658.5323486328125,"z":451.731201171875},"rotation":{"x":-0.012304909527301789,"y":-0.026397915557026864,"z":0.0003249856526963413,"w":-0.9995762705802918},"size":903.4561157226563,"orthographic":false}