{"cameraMode":{"drawMode":0,"name":"Shaded","section":"Shading Mode"},"sceneLighting":true,"audioPlay":false,"sceneViewState":{"showFog":true,"showMaterialUpdate":false,"showSkybox":true,"showFlares":true,"showImageEffects":true,"showParticleSystems":true},"in2DMode":false,"pivot":{"x":1383.8603515625,"y":847.1257934570313,"z":36.984832763671878},"rotation":{"x":-0.009309446439146996,"y":-0.0024031978100538255,"z":0.000022383743271348067,"w":-0.9999542832374573},"size":102.03012084960938,"orthographic":false}