{"cameraMode":{"drawMode":0,"name":"Shaded","section":"Shading Mode"},"sceneLighting":true,"audioPlay":false,"sceneViewState":{"showFog":true,"showMaterialUpdate":false,"showSkybox":true,"showFlares":true,"showImageEffects":true,"showParticleSystems":true},"in2DMode":false,"pivot":{"x":549.6472778320313,"y":318.80645751953127,"z":212.13067626953126},"rotation":{"x":0.022808510810136796,"y":0.0045000421814620499,"z":-0.0000863417299115099,"w":0.9997459650039673},"size":471.0661926269531,"orthographic":false}