{"cameraMode":{"drawMode":0,"name":"Shaded","section":"Shading Mode"},"sceneLighting":false,"audioPlay":false,"sceneViewState":{"showFog":true,"showMaterialUpdate":false,"showSkybox":true,"showFlares":true,"showImageEffects":true,"showParticleSystems":true},"in2DMode":false,"pivot":{"x":-6.486595153808594,"y":34.10601806640625,"z":-11.019119262695313},"rotation":{"x":-0.29125526547431948,"y":0.22261646389961244,"z":0.06989757716655731,"w":0.9277704358100891},"size":15.839417457580567,"orthographic":false}