{"cameraMode":{"drawMode":0,"name":"Shaded","section":"Shading Mode"},"sceneLighting":false,"audioPlay":false,"sceneViewState":{"showFog":true,"showMaterialUpdate":true,"showSkybox":true,"showFlares":true,"showImageEffects":true,"showParticleSystems":true},"in2DMode":false,"pivot":{"x":-8.607085227966309,"y":-5.479861259460449,"z":-8.150834083557129},"rotation":{"x":-0.18933454155921937,"y":-0.7505736351013184,"z":0.24310198426246644,"w":-0.5846129059791565},"size":6.803006172180176,"orthographic":false}