{"cameraMode":{"drawMode":0,"name":"Shaded","section":"Shading Mode"},"sceneLighting":false,"audioPlay":false,"sceneViewState":{"showFog":true,"showMaterialUpdate":false,"showSkybox":true,"showFlares":true,"showImageEffects":true,"showParticleSystems":true},"in2DMode":false,"pivot":{"x":-219.05624389648438,"y":-75.58949279785156,"z":-16.25892448425293},"rotation":{"x":0.38951510190963747,"y":-0.47272974252700808,"z":0.24507266283035279,"w":0.7515014410018921},"size":101.57752990722656,"orthographic":false}