{"cameraMode":{"drawMode":0,"name":"Shaded","section":"Shading Mode"},"sceneLighting":false,"audioPlay":false,"sceneViewState":{"showFog":true,"showMaterialUpdate":true,"showSkybox":true,"showFlares":true,"showImageEffects":true,"showParticleSystems":true},"in2DMode":false,"pivot":{"x":-14.28012752532959,"y":-0.7730627059936523,"z":-8.82102108001709},"rotation":{"x":0.05506345257163048,"y":0.8645159602165222,"z":-0.49007827043533327,"w":0.0970550999045372},"size":9.28729248046875,"orthographic":false}