{"cameraMode":{"drawMode":0,"name":"Shaded","section":"Shading Mode"},"sceneLighting":false,"audioPlay":false,"sceneViewState":{"showFog":true,"showMaterialUpdate":false,"showSkybox":false,"showFlares":true,"showImageEffects":true,"showParticleSystems":true},"in2DMode":false,"pivot":{"x":-54.81838607788086,"y":146.71437072753907,"z":236.09800720214845},"rotation":{"x":-0.0434720441699028,"y":-0.9019505977630615,"z":0.09341421723365784,"w":-0.4193687438964844},"size":8.869904518127442,"orthographic":false}