{"cameraMode":{"drawMode":0,"name":"Shaded","section":"Shading Mode"},"sceneLighting":false,"audioPlay":false,"sceneViewState":{"showFog":true,"showMaterialUpdate":true,"showSkybox":false,"showFlares":true,"showImageEffects":true,"showParticleSystems":true},"in2DMode":false,"pivot":{"x":4.959229946136475,"y":8.262426376342774,"z":4.812412261962891},"rotation":{"x":-0.0026495468337088825,"y":0.9850929379463196,"z":-0.1713467836380005,"w":-0.015454864129424096},"size":6.269781112670898,"orthographic":false}