{"cameraMode":{"drawMode":0,"name":"Shaded","section":"Shading Mode"},"sceneLighting":true,"audioPlay":false,"sceneViewState":{"showFog":true,"showMaterialUpdate":false,"showSkybox":true,"showFlares":true,"showImageEffects":true,"showParticleSystems":true},"in2DMode":false,"pivot":{"x":-276.8750305175781,"y":23.874114990234376,"z":-283.9844055175781},"rotation":{"x":-0.003913929220288992,"y":0.8072913289070129,"z":-0.5901120901107788,"w":-0.005415097810328007},"size":60.72332000732422,"orthographic":false}