{"cameraMode":{"drawMode":0,"name":"Shaded","section":"Shading Mode"},"sceneLighting":true,"audioPlay":false,"sceneViewState":{"showFog":true,"showMaterialUpdate":false,"showSkybox":false,"showFlares":true,"showImageEffects":true,"showParticleSystems":true},"in2DMode":false,"pivot":{"x":-29.944828033447267,"y":-3.6428325176239015,"z":-10.450040817260743},"rotation":{"x":-0.02392398938536644,"y":0.9674136638641357,"z":-0.10021655261516571,"w":-0.23130075633525849},"size":8.011041641235352,"orthographic":false}