{"cameraMode":{"drawMode":0,"name":"Shaded","section":"Shading Mode"},"sceneLighting":false,"audioPlay":false,"sceneViewState":{"showFog":true,"showMaterialUpdate":true,"showSkybox":false,"showFlares":true,"showImageEffects":true,"showParticleSystems":true},"in2DMode":false,"pivot":{"x":30.630390167236329,"y":34.15586853027344,"z":14.60015869140625},"rotation":{"x":0.09580035507678986,"y":0.877084493637085,"z":-0.19631436467170716,"w":0.427809476852417},"size":6.2042646408081059,"orthographic":false}