{"cameraMode":{"drawMode":0,"name":"Shaded","section":"Shading Mode"},"sceneLighting":false,"audioPlay":false,"sceneViewState":{"showFog":true,"showMaterialUpdate":false,"showSkybox":true,"showFlares":true,"showImageEffects":true,"showParticleSystems":true},"in2DMode":false,"pivot":{"x":17.695335388183595,"y":3.816997528076172,"z":-79.89563751220703},"rotation":{"x":-0.2406407743692398,"y":-0.6582388877868652,"z":0.23524567484855653,"w":-0.6734269857406616},"size":40.50556182861328,"orthographic":false}