{"cameraMode":{"drawMode":0,"name":"Shaded","section":"Shading Mode"},"sceneLighting":false,"audioPlay":false,"sceneViewState":{"showFog":true,"showMaterialUpdate":false,"showSkybox":true,"showFlares":true,"showImageEffects":true,"showParticleSystems":true},"in2DMode":false,"pivot":{"x":-13.670259475708008,"y":14.228254318237305,"z":-22.320816040039064},"rotation":{"x":-0.4594225585460663,"y":-0.14274056255817414,"z":0.07510606199502945,"w":-0.8734620809555054},"size":6.4169111251831059,"orthographic":false}